img_id,predicted_label
test_1.tif,0
test_10.tif,0
test_100.tif,0
test_1000.tif,2
test_1001.tif,2
test_1002.tif,2
test_1003.tif,2
test_1004.tif,2
test_1005.tif,2
test_1006.tif,2
test_1007.tif,2
test_1008.tif,2
test_1009.tif,2
test_101.tif,0
test_1010.tif,2
test_1011.tif,2
test_1012.tif,2
test_1013.tif,2
test_1014.tif,2
test_1015.tif,2
test_1016.tif,2
test_1017.tif,2
test_1018.tif,2
test_1019.tif,2
test_102.tif,0
test_1020.tif,6
test_1021.tif,2
test_1022.tif,2
test_1023.tif,2
test_1024.tif,2
test_1025.tif,2
test_1026.tif,2
test_1027.tif,2
test_1028.tif,2
test_1029.tif,2
test_103.tif,0
test_1030.tif,2
test_1031.tif,2
test_1032.tif,2
test_1033.tif,2
test_1034.tif,2
test_1035.tif,2
test_1036.tif,2
test_1037.tif,2
test_1038.tif,2
test_1039.tif,2
test_104.tif,5
test_1040.tif,2
test_1041.tif,2
test_1042.tif,2
test_1043.tif,2
test_1044.tif,2
test_1045.tif,2
test_1046.tif,2
test_1047.tif,2
test_1048.tif,2
test_1049.tif,2
test_105.tif,0
test_1050.tif,2
test_1051.tif,2
test_1052.tif,2
test_1053.tif,2
test_1054.tif,2
test_1055.tif,2
test_1056.tif,2
test_1057.tif,2
test_1058.tif,2
test_1059.tif,2
test_106.tif,0
test_1060.tif,2
test_1061.tif,2
test_1062.tif,2
test_1063.tif,2
test_1064.tif,2
test_1065.tif,2
test_1066.tif,2
test_1067.tif,2
test_1068.tif,2
test_1069.tif,2
test_107.tif,0
test_1070.tif,2
test_1071.tif,2
test_1072.tif,2
test_1073.tif,2
test_1074.tif,2
test_1075.tif,2
test_1076.tif,2
test_1077.tif,2
test_1078.tif,2
test_1079.tif,2
test_108.tif,0
test_1080.tif,2
test_1081.tif,2
test_1082.tif,2
test_1083.tif,2
test_1084.tif,2
test_1085.tif,2
test_1086.tif,2
test_1087.tif,2
test_1088.tif,5
test_1089.tif,2
test_109.tif,0
test_1090.tif,2
test_1091.tif,2
test_1092.tif,2
test_1093.tif,2
test_1094.tif,2
test_1095.tif,2
test_1096.tif,2
test_1097.tif,2
test_1098.tif,2
test_1099.tif,2
test_11.tif,0
test_110.tif,0
test_1100.tif,2
test_1101.tif,2
test_1102.tif,2
test_1103.tif,0
test_1104.tif,2
test_1105.tif,2
test_1106.tif,2
test_1107.tif,2
test_1108.tif,2
test_1109.tif,2
test_111.tif,0
test_1110.tif,2
test_1111.tif,2
test_1112.tif,2
test_1113.tif,2
test_1114.tif,2
test_1115.tif,2
test_1116.tif,2
test_1117.tif,2
test_1118.tif,2
test_1119.tif,2
test_112.tif,0
test_1120.tif,2
test_1121.tif,2
test_1122.tif,0
test_1123.tif,2
test_1124.tif,2
test_1125.tif,2
test_1126.tif,2
test_1127.tif,2
test_1128.tif,2
test_1129.tif,2
test_113.tif,0
test_1130.tif,2
test_1131.tif,2
test_1132.tif,2
test_1133.tif,2
test_1134.tif,2
test_1135.tif,2
test_1136.tif,2
test_1137.tif,2
test_1138.tif,2
test_1139.tif,2
test_114.tif,0
test_1140.tif,2
test_1141.tif,2
test_1142.tif,2
test_1143.tif,2
test_1144.tif,2
test_1145.tif,2
test_1146.tif,2
test_1147.tif,2
test_1148.tif,2
test_1149.tif,2
test_115.tif,0
test_1150.tif,2
test_1151.tif,2
test_1152.tif,2
test_1153.tif,2
test_1154.tif,2
test_1155.tif,2
test_1156.tif,2
test_1157.tif,2
test_1158.tif,2
test_1159.tif,2
test_116.tif,0
test_1160.tif,2
test_1161.tif,2
test_1162.tif,2
test_1163.tif,2
test_1164.tif,2
test_1165.tif,2
test_1166.tif,2
test_1167.tif,2
test_1168.tif,2
test_1169.tif,2
test_117.tif,0
test_1170.tif,2
test_1171.tif,2
test_1172.tif,2
test_1173.tif,2
test_1174.tif,2
test_1175.tif,2
test_1176.tif,2
test_1177.tif,2
test_1178.tif,2
test_1179.tif,2
test_118.tif,0
test_1180.tif,2
test_1181.tif,2
test_1182.tif,2
test_1183.tif,2
test_1184.tif,2
test_1185.tif,2
test_1186.tif,2
test_1187.tif,2
test_1188.tif,2
test_1189.tif,2
test_119.tif,0
test_1190.tif,2
test_1191.tif,2
test_1192.tif,2
test_1193.tif,2
test_1194.tif,2
test_1195.tif,2
test_1196.tif,2
test_1197.tif,2
test_1198.tif,2
test_1199.tif,2
test_12.tif,0
test_120.tif,0
test_1200.tif,2
test_1201.tif,2
test_1202.tif,2
test_1203.tif,2
test_1204.tif,2
test_1205.tif,2
test_1206.tif,2
test_1207.tif,2
test_1208.tif,2
test_1209.tif,2
test_121.tif,0
test_1210.tif,2
test_1211.tif,2
test_1212.tif,2
test_1213.tif,2
test_1214.tif,2
test_1215.tif,2
test_1216.tif,2
test_1217.tif,2
test_1218.tif,2
test_1219.tif,2
test_122.tif,0
test_1220.tif,2
test_1221.tif,2
test_1222.tif,2
test_1223.tif,2
test_1224.tif,2
test_1225.tif,2
test_1226.tif,2
test_1227.tif,2
test_1228.tif,2
test_1229.tif,2
test_123.tif,0
test_1230.tif,2
test_1231.tif,2
test_1232.tif,2
test_1233.tif,2
test_1234.tif,2
test_1235.tif,2
test_1236.tif,2
test_1237.tif,2
test_1238.tif,2
test_1239.tif,2
test_124.tif,0
test_1240.tif,2
test_1241.tif,2
test_1242.tif,2
test_1243.tif,2
test_1244.tif,2
test_1245.tif,2
test_1246.tif,2
test_1247.tif,2
test_1248.tif,2
test_1249.tif,0
test_125.tif,0
test_1250.tif,2
test_1251.tif,2
test_1252.tif,2
test_1253.tif,2
test_1254.tif,2
test_1255.tif,2
test_1256.tif,2
test_1257.tif,2
test_1258.tif,2
test_1259.tif,2
test_126.tif,0
test_1260.tif,2
test_1261.tif,2
test_1262.tif,2
test_1263.tif,2
test_1264.tif,2
test_1265.tif,2
test_1266.tif,2
test_1267.tif,2
test_1268.tif,2
test_1269.tif,2
test_127.tif,0
test_1270.tif,2
test_1271.tif,2
test_1272.tif,2
test_1273.tif,2
test_1274.tif,2
test_1275.tif,2
test_1276.tif,2
test_1277.tif,2
test_1278.tif,2
test_1279.tif,2
test_128.tif,0
test_1280.tif,2
test_1281.tif,2
test_1282.tif,2
test_1283.tif,2
test_1284.tif,2
test_1285.tif,2
test_1286.tif,2
test_1287.tif,2
test_1288.tif,2
test_1289.tif,2
test_129.tif,0
test_1290.tif,2
test_1291.tif,2
test_1292.tif,2
test_1293.tif,2
test_1294.tif,6
test_1295.tif,2
test_1296.tif,2
test_1297.tif,2
test_1298.tif,2
test_1299.tif,2
test_13.tif,0
test_130.tif,0
test_1300.tif,2
test_1301.tif,2
test_1302.tif,2
test_1303.tif,2
test_1304.tif,2
test_1305.tif,2
test_1306.tif,2
test_1307.tif,2
test_1308.tif,2
test_1309.tif,2
test_131.tif,0
test_1310.tif,2
test_1311.tif,2
test_1312.tif,2
test_1313.tif,2
test_1314.tif,2
test_1315.tif,2
test_1316.tif,2
test_1317.tif,2
test_1318.tif,2
test_1319.tif,2
test_132.tif,0
test_1320.tif,2
test_1321.tif,2
test_1322.tif,2
test_1323.tif,2
test_1324.tif,2
test_1325.tif,2
test_1326.tif,2
test_1327.tif,2
test_1328.tif,2
test_1329.tif,2
test_133.tif,0
test_1330.tif,2
test_1331.tif,2
test_1332.tif,2
test_1333.tif,2
test_1334.tif,2
test_1335.tif,2
test_1336.tif,2
test_1337.tif,2
test_1338.tif,2
test_1339.tif,2
test_134.tif,0
test_1340.tif,2
test_1341.tif,2
test_1342.tif,2
test_1343.tif,2
test_1344.tif,2
test_1345.tif,2
test_1346.tif,2
test_1347.tif,2
test_1348.tif,2
test_1349.tif,2
test_135.tif,0
test_1350.tif,2
test_1351.tif,3
test_1352.tif,3
test_1353.tif,3
test_1354.tif,3
test_1355.tif,3
test_1356.tif,3
test_1357.tif,3
test_1358.tif,3
test_1359.tif,3
test_136.tif,0
test_1360.tif,6
test_1361.tif,3
test_1362.tif,3
test_1363.tif,3
test_1364.tif,3
test_1365.tif,3
test_1366.tif,3
test_1367.tif,3
test_1368.tif,3
test_1369.tif,3
test_137.tif,0
test_1370.tif,3
test_1371.tif,3
test_1372.tif,3
test_1373.tif,3
test_1374.tif,3
test_1375.tif,3
test_1376.tif,3
test_1377.tif,3
test_1378.tif,3
test_1379.tif,3
test_138.tif,0
test_1380.tif,3
test_1381.tif,3
test_1382.tif,3
test_1383.tif,3
test_1384.tif,3
test_1385.tif,3
test_1386.tif,3
test_1387.tif,3
test_1388.tif,3
test_1389.tif,3
test_139.tif,0
test_1390.tif,3
test_1391.tif,3
test_1392.tif,3
test_1393.tif,3
test_1394.tif,3
test_1395.tif,3
test_1396.tif,3
test_1397.tif,3
test_1398.tif,3
test_1399.tif,3
test_14.tif,0
test_140.tif,0
test_1400.tif,3
test_1401.tif,3
test_1402.tif,3
test_1403.tif,3
test_1404.tif,3
test_1405.tif,3
test_1406.tif,3
test_1407.tif,3
test_1408.tif,3
test_1409.tif,3
test_141.tif,0
test_1410.tif,3
test_1411.tif,3
test_1412.tif,3
test_1413.tif,3
test_1414.tif,3
test_1415.tif,3
test_1416.tif,3
test_1417.tif,3
test_1418.tif,3
test_1419.tif,3
test_142.tif,0
test_1420.tif,3
test_1421.tif,3
test_1422.tif,3
test_1423.tif,3
test_1424.tif,3
test_1425.tif,3
test_1426.tif,3
test_1427.tif,3
test_1428.tif,3
test_1429.tif,3
test_143.tif,0
test_1430.tif,3
test_1431.tif,3
test_1432.tif,3
test_1433.tif,3
test_1434.tif,5
test_1435.tif,3
test_1436.tif,3
test_1437.tif,3
test_1438.tif,3
test_1439.tif,3
test_144.tif,0
test_1440.tif,3
test_1441.tif,3
test_1442.tif,3
test_1443.tif,3
test_1444.tif,3
test_1445.tif,3
test_1446.tif,3
test_1447.tif,3
test_1448.tif,3
test_1449.tif,3
test_145.tif,0
test_1450.tif,3
test_1451.tif,3
test_1452.tif,3
test_1453.tif,3
test_1454.tif,3
test_1455.tif,3
test_1456.tif,3
test_1457.tif,3
test_1458.tif,3
test_1459.tif,3
test_146.tif,0
test_1460.tif,3
test_1461.tif,3
test_1462.tif,3
test_1463.tif,3
test_1464.tif,3
test_1465.tif,3
test_1466.tif,3
test_1467.tif,3
test_1468.tif,3
test_1469.tif,3
test_147.tif,0
test_1470.tif,3
test_1471.tif,3
test_1472.tif,3
test_1473.tif,3
test_1474.tif,3
test_1475.tif,3
test_1476.tif,3
test_1477.tif,3
test_1478.tif,3
test_1479.tif,3
test_148.tif,0
test_1480.tif,3
test_1481.tif,3
test_1482.tif,4
test_1483.tif,3
test_1484.tif,3
test_1485.tif,3
test_1486.tif,3
test_1487.tif,8
test_1488.tif,3
test_1489.tif,3
test_149.tif,0
test_1490.tif,3
test_1491.tif,3
test_1492.tif,3
test_1493.tif,3
test_1494.tif,3
test_1495.tif,8
test_1496.tif,3
test_1497.tif,3
test_1498.tif,3
test_1499.tif,3
test_15.tif,0
test_150.tif,0
test_1500.tif,3
test_1501.tif,3
test_1502.tif,3
test_1503.tif,3
test_1504.tif,3
test_1505.tif,3
test_1506.tif,3
test_1507.tif,3
test_1508.tif,3
test_1509.tif,3
test_151.tif,0
test_1510.tif,3
test_1511.tif,3
test_1512.tif,3
test_1513.tif,3
test_1514.tif,3
test_1515.tif,3
test_1516.tif,3
test_1517.tif,3
test_1518.tif,3
test_1519.tif,3
test_152.tif,0
test_1520.tif,3
test_1521.tif,3
test_1522.tif,3
test_1523.tif,3
test_1524.tif,3
test_1525.tif,3
test_1526.tif,3
test_1527.tif,3
test_1528.tif,3
test_1529.tif,3
test_153.tif,0
test_1530.tif,3
test_1531.tif,3
test_1532.tif,3
test_1533.tif,3
test_1534.tif,3
test_1535.tif,3
test_1536.tif,3
test_1537.tif,3
test_1538.tif,3
test_1539.tif,3
test_154.tif,0
test_1540.tif,3
test_1541.tif,3
test_1542.tif,3
test_1543.tif,3
test_1544.tif,3
test_1545.tif,3
test_1546.tif,3
test_1547.tif,3
test_1548.tif,3
test_1549.tif,3
test_155.tif,0
test_1550.tif,3
test_1551.tif,3
test_1552.tif,3
test_1553.tif,3
test_1554.tif,3
test_1555.tif,3
test_1556.tif,3
test_1557.tif,3
test_1558.tif,3
test_1559.tif,3
test_156.tif,0
test_1560.tif,3
test_1561.tif,3
test_1562.tif,3
test_1563.tif,3
test_1564.tif,3
test_1565.tif,3
test_1566.tif,3
test_1567.tif,3
test_1568.tif,3
test_1569.tif,3
test_157.tif,0
test_1570.tif,3
test_1571.tif,3
test_1572.tif,3
test_1573.tif,3
test_1574.tif,3
test_1575.tif,3
test_1576.tif,3
test_1577.tif,3
test_1578.tif,3
test_1579.tif,3
test_158.tif,0
test_1580.tif,3
test_1581.tif,3
test_1582.tif,3
test_1583.tif,3
test_1584.tif,3
test_1585.tif,3
test_1586.tif,3
test_1587.tif,3
test_1588.tif,3
test_1589.tif,3
test_159.tif,0
test_1590.tif,3
test_1591.tif,3
test_1592.tif,3
test_1593.tif,3
test_1594.tif,3
test_1595.tif,3
test_1596.tif,3
test_1597.tif,3
test_1598.tif,3
test_1599.tif,4
test_16.tif,0
test_160.tif,0
test_1600.tif,3
test_1601.tif,3
test_1602.tif,3
test_1603.tif,3
test_1604.tif,3
test_1605.tif,3
test_1606.tif,3
test_1607.tif,3
test_1608.tif,3
test_1609.tif,3
test_161.tif,0
test_1610.tif,3
test_1611.tif,3
test_1612.tif,3
test_1613.tif,3
test_1614.tif,3
test_1615.tif,3
test_1616.tif,3
test_1617.tif,3
test_1618.tif,2
test_1619.tif,3
test_162.tif,0
test_1620.tif,3
test_1621.tif,8
test_1622.tif,3
test_1623.tif,3
test_1624.tif,3
test_1625.tif,3
test_1626.tif,3
test_1627.tif,3
test_1628.tif,3
test_1629.tif,3
test_163.tif,0
test_1630.tif,3
test_1631.tif,3
test_1632.tif,3
test_1633.tif,3
test_1634.tif,3
test_1635.tif,3
test_1636.tif,3
test_1637.tif,3
test_1638.tif,0
test_1639.tif,3
test_164.tif,0
test_1640.tif,3
test_1641.tif,3
test_1642.tif,3
test_1643.tif,3
test_1644.tif,3
test_1645.tif,3
test_1646.tif,3
test_1647.tif,3
test_1648.tif,3
test_1649.tif,3
test_165.tif,0
test_1650.tif,3
test_1651.tif,3
test_1652.tif,3
test_1653.tif,3
test_1654.tif,3
test_1655.tif,3
test_1656.tif,3
test_1657.tif,3
test_1658.tif,3
test_1659.tif,3
test_166.tif,0
test_1660.tif,3
test_1661.tif,3
test_1662.tif,3
test_1663.tif,3
test_1664.tif,3
test_1665.tif,3
test_1666.tif,3
test_1667.tif,3
test_1668.tif,3
test_1669.tif,3
test_167.tif,0
test_1670.tif,3
test_1671.tif,3
test_1672.tif,3
test_1673.tif,3
test_1674.tif,3
test_1675.tif,3
test_1676.tif,3
test_1677.tif,3
test_1678.tif,3
test_1679.tif,3
test_168.tif,0
test_1680.tif,3
test_1681.tif,3
test_1682.tif,3
test_1683.tif,3
test_1684.tif,3
test_1685.tif,3
test_1686.tif,3
test_1687.tif,3
test_1688.tif,3
test_1689.tif,3
test_169.tif,0
test_1690.tif,3
test_1691.tif,3
test_1692.tif,3
test_1693.tif,3
test_1694.tif,3
test_1695.tif,3
test_1696.tif,3
test_1697.tif,3
test_1698.tif,3
test_1699.tif,3
test_17.tif,0
test_170.tif,0
test_1700.tif,3
test_1701.tif,3
test_1702.tif,3
test_1703.tif,3
test_1704.tif,3
test_1705.tif,3
test_1706.tif,3
test_1707.tif,3
test_1708.tif,3
test_1709.tif,3
test_171.tif,0
test_1710.tif,3
test_1711.tif,3
test_1712.tif,3
test_1713.tif,3
test_1714.tif,3
test_1715.tif,3
test_1716.tif,3
test_1717.tif,3
test_1718.tif,3
test_1719.tif,3
test_172.tif,0
test_1720.tif,3
test_1721.tif,3
test_1722.tif,3
test_1723.tif,3
test_1724.tif,4
test_1725.tif,3
test_1726.tif,4
test_1727.tif,4
test_1728.tif,4
test_1729.tif,4
test_173.tif,0
test_1730.tif,4
test_1731.tif,4
test_1732.tif,4
test_1733.tif,4
test_1734.tif,4
test_1735.tif,4
test_1736.tif,4
test_1737.tif,4
test_1738.tif,4
test_1739.tif,4
test_174.tif,0
test_1740.tif,4
test_1741.tif,4
test_1742.tif,4
test_1743.tif,4
test_1744.tif,4
test_1745.tif,4
test_1746.tif,4
test_1747.tif,4
test_1748.tif,4
test_1749.tif,4
test_175.tif,0
test_1750.tif,4
test_1751.tif,4
test_1752.tif,4
test_1753.tif,4
test_1754.tif,4
test_1755.tif,4
test_1756.tif,4
test_1757.tif,4
test_1758.tif,4
test_1759.tif,4
test_176.tif,3
test_1760.tif,4
test_1761.tif,4
test_1762.tif,4
test_1763.tif,4
test_1764.tif,4
test_1765.tif,4
test_1766.tif,4
test_1767.tif,4
test_1768.tif,4
test_1769.tif,4
test_177.tif,0
test_1770.tif,4
test_1771.tif,4
test_1772.tif,4
test_1773.tif,4
test_1774.tif,4
test_1775.tif,4
test_1776.tif,4
test_1777.tif,4
test_1778.tif,4
test_1779.tif,4
test_178.tif,0
test_1780.tif,4
test_1781.tif,4
test_1782.tif,4
test_1783.tif,4
test_1784.tif,4
test_1785.tif,4
test_1786.tif,4
test_1787.tif,4
test_1788.tif,4
test_1789.tif,4
test_179.tif,0
test_1790.tif,4
test_1791.tif,4
test_1792.tif,4
test_1793.tif,4
test_1794.tif,4
test_1795.tif,4
test_1796.tif,4
test_1797.tif,4
test_1798.tif,4
test_1799.tif,4
test_18.tif,0
test_180.tif,0
test_1800.tif,4
test_1801.tif,4
test_1802.tif,4
test_1803.tif,4
test_1804.tif,4
test_1805.tif,4
test_1806.tif,4
test_1807.tif,4
test_1808.tif,4
test_1809.tif,4
test_181.tif,0
test_1810.tif,4
test_1811.tif,4
test_1812.tif,4
test_1813.tif,4
test_1814.tif,4
test_1815.tif,4
test_1816.tif,4
test_1817.tif,4
test_1818.tif,4
test_1819.tif,4
test_182.tif,0
test_1820.tif,4
test_1821.tif,4
test_1822.tif,4
test_1823.tif,4
test_1824.tif,4
test_1825.tif,4
test_1826.tif,4
test_1827.tif,4
test_1828.tif,4
test_1829.tif,4
test_183.tif,0
test_1830.tif,4
test_1831.tif,4
test_1832.tif,4
test_1833.tif,4
test_1834.tif,4
test_1835.tif,4
test_1836.tif,4
test_1837.tif,4
test_1838.tif,4
test_1839.tif,4
test_184.tif,0
test_1840.tif,4
test_1841.tif,4
test_1842.tif,4
test_1843.tif,4
test_1844.tif,4
test_1845.tif,4
test_1846.tif,4
test_1847.tif,4
test_1848.tif,4
test_1849.tif,4
test_185.tif,0
test_1850.tif,4
test_1851.tif,4
test_1852.tif,4
test_1853.tif,4
test_1854.tif,4
test_1855.tif,4
test_1856.tif,4
test_1857.tif,4
test_1858.tif,4
test_1859.tif,4
test_186.tif,0
test_1860.tif,4
test_1861.tif,4
test_1862.tif,4
test_1863.tif,4
test_1864.tif,4
test_1865.tif,4
test_1866.tif,4
test_1867.tif,4
test_1868.tif,4
test_1869.tif,4
test_187.tif,0
test_1870.tif,4
test_1871.tif,4
test_1872.tif,4
test_1873.tif,4
test_1874.tif,4
test_1875.tif,4
test_1876.tif,4
test_1877.tif,4
test_1878.tif,4
test_1879.tif,4
test_188.tif,0
test_1880.tif,4
test_1881.tif,4
test_1882.tif,4
test_1883.tif,4
test_1884.tif,4
test_1885.tif,4
test_1886.tif,4
test_1887.tif,4
test_1888.tif,4
test_1889.tif,4
test_189.tif,0
test_1890.tif,4
test_1891.tif,4
test_1892.tif,4
test_1893.tif,4
test_1894.tif,4
test_1895.tif,4
test_1896.tif,4
test_1897.tif,4
test_1898.tif,4
test_1899.tif,4
test_19.tif,0
test_190.tif,0
test_1900.tif,4
test_1901.tif,4
test_1902.tif,4
test_1903.tif,4
test_1904.tif,4
test_1905.tif,4
test_1906.tif,4
test_1907.tif,4
test_1908.tif,4
test_1909.tif,4
test_191.tif,0
test_1910.tif,4
test_1911.tif,4
test_1912.tif,4
test_1913.tif,4
test_1914.tif,4
test_1915.tif,4
test_1916.tif,4
test_1917.tif,4
test_1918.tif,4
test_1919.tif,4
test_192.tif,0
test_1920.tif,4
test_1921.tif,4
test_1922.tif,4
test_1923.tif,4
test_1924.tif,4
test_1925.tif,4
test_1926.tif,4
test_1927.tif,4
test_1928.tif,4
test_1929.tif,4
test_193.tif,0
test_1930.tif,4
test_1931.tif,4
test_1932.tif,4
test_1933.tif,4
test_1934.tif,4
test_1935.tif,4
test_1936.tif,4
test_1937.tif,4
test_1938.tif,4
test_1939.tif,4
test_194.tif,0
test_1940.tif,4
test_1941.tif,4
test_1942.tif,4
test_1943.tif,4
test_1944.tif,4
test_1945.tif,4
test_1946.tif,4
test_1947.tif,4
test_1948.tif,4
test_1949.tif,4
test_195.tif,0
test_1950.tif,4
test_1951.tif,4
test_1952.tif,4
test_1953.tif,4
test_1954.tif,4
test_1955.tif,4
test_1956.tif,4
test_1957.tif,4
test_1958.tif,4
test_1959.tif,4
test_196.tif,0
test_1960.tif,4
test_1961.tif,4
test_1962.tif,4
test_1963.tif,4
test_1964.tif,4
test_1965.tif,4
test_1966.tif,4
test_1967.tif,4
test_1968.tif,4
test_1969.tif,4
test_197.tif,0
test_1970.tif,4
test_1971.tif,4
test_1972.tif,4
test_1973.tif,4
test_1974.tif,4
test_1975.tif,4
test_1976.tif,4
test_1977.tif,4
test_1978.tif,4
test_1979.tif,4
test_198.tif,0
test_1980.tif,4
test_1981.tif,4
test_1982.tif,4
test_1983.tif,4
test_1984.tif,4
test_1985.tif,4
test_1986.tif,4
test_1987.tif,4
test_1988.tif,4
test_1989.tif,4
test_199.tif,0
test_1990.tif,4
test_1991.tif,4
test_1992.tif,4
test_1993.tif,4
test_1994.tif,4
test_1995.tif,4
test_1996.tif,4
test_1997.tif,4
test_1998.tif,4
test_1999.tif,4
test_2.tif,0
test_20.tif,0
test_200.tif,0
test_2000.tif,4
test_2001.tif,4
test_2002.tif,4
test_2003.tif,4
test_2004.tif,4
test_2005.tif,4
test_2006.tif,4
test_2007.tif,4
test_2008.tif,4
test_2009.tif,4
test_201.tif,0
test_2010.tif,4
test_2011.tif,4
test_2012.tif,4
test_2013.tif,4
test_2014.tif,4
test_2015.tif,4
test_2016.tif,4
test_2017.tif,4
test_2018.tif,4
test_2019.tif,4
test_202.tif,0
test_2020.tif,4
test_2021.tif,4
test_2022.tif,4
test_2023.tif,4
test_2024.tif,4
test_2025.tif,4
test_2026.tif,4
test_2027.tif,4
test_2028.tif,4
test_2029.tif,4
test_203.tif,0
test_2030.tif,4
test_2031.tif,4
test_2032.tif,4
test_2033.tif,4
test_2034.tif,4
test_2035.tif,4
test_2036.tif,4
test_2037.tif,4
test_2038.tif,4
test_2039.tif,4
test_204.tif,0
test_2040.tif,4
test_2041.tif,4
test_2042.tif,4
test_2043.tif,4
test_2044.tif,4
test_2045.tif,4
test_2046.tif,4
test_2047.tif,4
test_2048.tif,4
test_2049.tif,4
test_205.tif,0
test_2050.tif,4
test_2051.tif,4
test_2052.tif,4
test_2053.tif,4
test_2054.tif,4
test_2055.tif,4
test_2056.tif,4
test_2057.tif,4
test_2058.tif,4
test_2059.tif,4
test_206.tif,0
test_2060.tif,4
test_2061.tif,4
test_2062.tif,4
test_2063.tif,4
test_2064.tif,4
test_2065.tif,4
test_2066.tif,4
test_2067.tif,4
test_2068.tif,4
test_2069.tif,4
test_207.tif,0
test_2070.tif,4
test_2071.tif,4
test_2072.tif,4
test_2073.tif,4
test_2074.tif,4
test_2075.tif,4
test_2076.tif,4
test_2077.tif,4
test_2078.tif,4
test_2079.tif,4
test_208.tif,0
test_2080.tif,4
test_2081.tif,4
test_2082.tif,4
test_2083.tif,4
test_2084.tif,4
test_2085.tif,4
test_2086.tif,4
test_2087.tif,4
test_2088.tif,4
test_2089.tif,4
test_209.tif,0
test_2090.tif,4
test_2091.tif,4
test_2092.tif,4
test_2093.tif,4
test_2094.tif,4
test_2095.tif,4
test_2096.tif,4
test_2097.tif,4
test_2098.tif,4
test_2099.tif,4
test_21.tif,0
test_210.tif,0
test_2100.tif,4
test_2101.tif,5
test_2102.tif,5
test_2103.tif,5
test_2104.tif,5
test_2105.tif,5
test_2106.tif,5
test_2107.tif,5
test_2108.tif,5
test_2109.tif,5
test_211.tif,0
test_2110.tif,5
test_2111.tif,5
test_2112.tif,2
test_2113.tif,5
test_2114.tif,5
test_2115.tif,5
test_2116.tif,5
test_2117.tif,5
test_2118.tif,5
test_2119.tif,5
test_212.tif,0
test_2120.tif,5
test_2121.tif,5
test_2122.tif,5
test_2123.tif,5
test_2124.tif,5
test_2125.tif,5
test_2126.tif,5
test_2127.tif,5
test_2128.tif,5
test_2129.tif,5
test_213.tif,0
test_2130.tif,5
test_2131.tif,5
test_2132.tif,5
test_2133.tif,5
test_2134.tif,5
test_2135.tif,5
test_2136.tif,6
test_2137.tif,5
test_2138.tif,5
test_2139.tif,5
test_214.tif,0
test_2140.tif,5
test_2141.tif,5
test_2142.tif,5
test_2143.tif,5
test_2144.tif,5
test_2145.tif,5
test_2146.tif,5
test_2147.tif,5
test_2148.tif,5
test_2149.tif,5
test_215.tif,0
test_2150.tif,5
test_2151.tif,5
test_2152.tif,5
test_2153.tif,5
test_2154.tif,5
test_2155.tif,5
test_2156.tif,5
test_2157.tif,5
test_2158.tif,5
test_2159.tif,5
test_216.tif,0
test_2160.tif,5
test_2161.tif,5
test_2162.tif,5
test_2163.tif,5
test_2164.tif,5
test_2165.tif,5
test_2166.tif,5
test_2167.tif,5
test_2168.tif,5
test_2169.tif,5
test_217.tif,0
test_2170.tif,5
test_2171.tif,5
test_2172.tif,5
test_2173.tif,5
test_2174.tif,5
test_2175.tif,5
test_2176.tif,5
test_2177.tif,5
test_2178.tif,5
test_2179.tif,5
test_218.tif,0
test_2180.tif,5
test_2181.tif,5
test_2182.tif,5
test_2183.tif,5
test_2184.tif,5
test_2185.tif,5
test_2186.tif,5
test_2187.tif,5
test_2188.tif,5
test_2189.tif,5
test_219.tif,0
test_2190.tif,5
test_2191.tif,5
test_2192.tif,5
test_2193.tif,5
test_2194.tif,5
test_2195.tif,5
test_2196.tif,5
test_2197.tif,5
test_2198.tif,5
test_2199.tif,5
test_22.tif,0
test_220.tif,0
test_2200.tif,5
test_2201.tif,5
test_2202.tif,5
test_2203.tif,5
test_2204.tif,5
test_2205.tif,5
test_2206.tif,5
test_2207.tif,5
test_2208.tif,5
test_2209.tif,5
test_221.tif,0
test_2210.tif,5
test_2211.tif,5
test_2212.tif,5
test_2213.tif,2
test_2214.tif,5
test_2215.tif,5
test_2216.tif,5
test_2217.tif,5
test_2218.tif,5
test_2219.tif,5
test_222.tif,0
test_2220.tif,5
test_2221.tif,5
test_2222.tif,5
test_2223.tif,5
test_2224.tif,5
test_2225.tif,5
test_2226.tif,5
test_2227.tif,5
test_2228.tif,5
test_2229.tif,5
test_223.tif,0
test_2230.tif,5
test_2231.tif,5
test_2232.tif,5
test_2233.tif,5
test_2234.tif,5
test_2235.tif,5
test_2236.tif,5
test_2237.tif,5
test_2238.tif,5
test_2239.tif,5
test_224.tif,0
test_2240.tif,5
test_2241.tif,5
test_2242.tif,5
test_2243.tif,5
test_2244.tif,5
test_2245.tif,5
test_2246.tif,5
test_2247.tif,5
test_2248.tif,5
test_2249.tif,5
test_225.tif,0
test_2250.tif,5
test_2251.tif,5
test_2252.tif,5
test_2253.tif,5
test_2254.tif,5
test_2255.tif,5
test_2256.tif,5
test_2257.tif,5
test_2258.tif,5
test_2259.tif,5
test_226.tif,0
test_2260.tif,5
test_2261.tif,5
test_2262.tif,5
test_2263.tif,5
test_2264.tif,5
test_2265.tif,5
test_2266.tif,5
test_2267.tif,5
test_2268.tif,5
test_2269.tif,5
test_227.tif,0
test_2270.tif,5
test_2271.tif,5
test_2272.tif,5
test_2273.tif,5
test_2274.tif,5
test_2275.tif,5
test_2276.tif,5
test_2277.tif,5
test_2278.tif,5
test_2279.tif,5
test_228.tif,0
test_2280.tif,5
test_2281.tif,5
test_2282.tif,5
test_2283.tif,5
test_2284.tif,5
test_2285.tif,5
test_2286.tif,5
test_2287.tif,5
test_2288.tif,5
test_2289.tif,5
test_229.tif,0
test_2290.tif,5
test_2291.tif,5
test_2292.tif,5
test_2293.tif,5
test_2294.tif,5
test_2295.tif,5
test_2296.tif,5
test_2297.tif,5
test_2298.tif,5
test_2299.tif,5
test_23.tif,0
test_230.tif,0
test_2300.tif,5
test_2301.tif,5
test_2302.tif,5
test_2303.tif,5
test_2304.tif,5
test_2305.tif,5
test_2306.tif,3
test_2307.tif,5
test_2308.tif,5
test_2309.tif,5
test_231.tif,0
test_2310.tif,5
test_2311.tif,5
test_2312.tif,5
test_2313.tif,5
test_2314.tif,5
test_2315.tif,5
test_2316.tif,5
test_2317.tif,5
test_2318.tif,5
test_2319.tif,5
test_232.tif,0
test_2320.tif,5
test_2321.tif,5
test_2322.tif,5
test_2323.tif,5
test_2324.tif,5
test_2325.tif,5
test_2326.tif,5
test_2327.tif,5
test_2328.tif,5
test_2329.tif,5
test_233.tif,0
test_2330.tif,5
test_2331.tif,5
test_2332.tif,5
test_2333.tif,5
test_2334.tif,5
test_2335.tif,5
test_2336.tif,5
test_2337.tif,5
test_2338.tif,5
test_2339.tif,5
test_234.tif,0
test_2340.tif,5
test_2341.tif,5
test_2342.tif,5
test_2343.tif,5
test_2344.tif,5
test_2345.tif,5
test_2346.tif,5
test_2347.tif,5
test_2348.tif,5
test_2349.tif,5
test_235.tif,0
test_2350.tif,5
test_2351.tif,5
test_2352.tif,5
test_2353.tif,5
test_2354.tif,5
test_2355.tif,5
test_2356.tif,5
test_2357.tif,5
test_2358.tif,5
test_2359.tif,5
test_236.tif,0
test_2360.tif,5
test_2361.tif,5
test_2362.tif,5
test_2363.tif,5
test_2364.tif,5
test_2365.tif,5
test_2366.tif,5
test_2367.tif,5
test_2368.tif,5
test_2369.tif,5
test_237.tif,0
test_2370.tif,5
test_2371.tif,5
test_2372.tif,5
test_2373.tif,5
test_2374.tif,5
test_2375.tif,5
test_2376.tif,5
test_2377.tif,5
test_2378.tif,5
test_2379.tif,5
test_238.tif,0
test_2380.tif,5
test_2381.tif,5
test_2382.tif,5
test_2383.tif,5
test_2384.tif,5
test_2385.tif,5
test_2386.tif,5
test_2387.tif,5
test_2388.tif,5
test_2389.tif,5
test_239.tif,0
test_2390.tif,5
test_2391.tif,5
test_2392.tif,5
test_2393.tif,5
test_2394.tif,5
test_2395.tif,5
test_2396.tif,5
test_2397.tif,5
test_2398.tif,5
test_2399.tif,5
test_24.tif,0
test_240.tif,0
test_2400.tif,5
test_2401.tif,6
test_2402.tif,6
test_2403.tif,6
test_2404.tif,6
test_2405.tif,6
test_2406.tif,6
test_2407.tif,0
test_2408.tif,6
test_2409.tif,6
test_241.tif,0
test_2410.tif,6
test_2411.tif,6
test_2412.tif,6
test_2413.tif,6
test_2414.tif,6
test_2415.tif,6
test_2416.tif,6
test_2417.tif,6
test_2418.tif,6
test_2419.tif,6
test_242.tif,0
test_2420.tif,6
test_2421.tif,6
test_2422.tif,6
test_2423.tif,6
test_2424.tif,6
test_2425.tif,6
test_2426.tif,6
test_2427.tif,6
test_2428.tif,6
test_2429.tif,6
test_243.tif,0
test_2430.tif,6
test_2431.tif,6
test_2432.tif,6
test_2433.tif,6
test_2434.tif,6
test_2435.tif,6
test_2436.tif,6
test_2437.tif,6
test_2438.tif,6
test_2439.tif,6
test_244.tif,0
test_2440.tif,6
test_2441.tif,6
test_2442.tif,6
test_2443.tif,6
test_2444.tif,6
test_2445.tif,6
test_2446.tif,6
test_2447.tif,6
test_2448.tif,6
test_2449.tif,6
test_245.tif,0
test_2450.tif,6
test_2451.tif,6
test_2452.tif,6
test_2453.tif,6
test_2454.tif,6
test_2455.tif,6
test_2456.tif,6
test_2457.tif,6
test_2458.tif,6
test_2459.tif,6
test_246.tif,0
test_2460.tif,6
test_2461.tif,6
test_2462.tif,6
test_2463.tif,6
test_2464.tif,6
test_2465.tif,6
test_2466.tif,6
test_2467.tif,6
test_2468.tif,6
test_2469.tif,6
test_247.tif,0
test_2470.tif,6
test_2471.tif,6
test_2472.tif,6
test_2473.tif,6
test_2474.tif,6
test_2475.tif,6
test_2476.tif,6
test_2477.tif,6
test_2478.tif,6
test_2479.tif,6
test_248.tif,0
test_2480.tif,6
test_2481.tif,6
test_2482.tif,0
test_2483.tif,6
test_2484.tif,6
test_2485.tif,6
test_2486.tif,6
test_2487.tif,6
test_2488.tif,6
test_2489.tif,6
test_249.tif,0
test_2490.tif,6
test_2491.tif,6
test_2492.tif,0
test_2493.tif,6
test_2494.tif,6
test_2495.tif,0
test_2496.tif,5
test_2497.tif,6
test_2498.tif,6
test_2499.tif,6
test_25.tif,0
test_250.tif,0
test_2500.tif,6
test_2501.tif,6
test_2502.tif,6
test_2503.tif,6
test_2504.tif,6
test_2505.tif,6
test_2506.tif,6
test_2507.tif,6
test_2508.tif,6
test_2509.tif,6
test_251.tif,0
test_2510.tif,6
test_2511.tif,6
test_2512.tif,6
test_2513.tif,6
test_2514.tif,6
test_2515.tif,6
test_2516.tif,6
test_2517.tif,6
test_2518.tif,6
test_2519.tif,6
test_252.tif,0
test_2520.tif,6
test_2521.tif,6
test_2522.tif,6
test_2523.tif,6
test_2524.tif,6
test_2525.tif,6
test_2526.tif,6
test_2527.tif,6
test_2528.tif,6
test_2529.tif,6
test_253.tif,0
test_2530.tif,0
test_2531.tif,6
test_2532.tif,6
test_2533.tif,6
test_2534.tif,6
test_2535.tif,6
test_2536.tif,6
test_2537.tif,6
test_2538.tif,6
test_2539.tif,6
test_254.tif,0
test_2540.tif,6
test_2541.tif,6
test_2542.tif,6
test_2543.tif,6
test_2544.tif,6
test_2545.tif,6
test_2546.tif,6
test_2547.tif,6
test_2548.tif,6
test_2549.tif,6
test_255.tif,0
test_2550.tif,6
test_2551.tif,6
test_2552.tif,6
test_2553.tif,6
test_2554.tif,6
test_2555.tif,6
test_2556.tif,6
test_2557.tif,6
test_2558.tif,6
test_2559.tif,6
test_256.tif,0
test_2560.tif,6
test_2561.tif,6
test_2562.tif,6
test_2563.tif,6
test_2564.tif,6
test_2565.tif,6
test_2566.tif,6
test_2567.tif,6
test_2568.tif,6
test_2569.tif,6
test_257.tif,0
test_2570.tif,6
test_2571.tif,6
test_2572.tif,6
test_2573.tif,6
test_2574.tif,6
test_2575.tif,6
test_2576.tif,6
test_2577.tif,6
test_2578.tif,6
test_2579.tif,0
test_258.tif,0
test_2580.tif,6
test_2581.tif,6
test_2582.tif,6
test_2583.tif,6
test_2584.tif,6
test_2585.tif,6
test_2586.tif,6
test_2587.tif,6
test_2588.tif,6
test_2589.tif,6
test_259.tif,0
test_2590.tif,6
test_2591.tif,6
test_2592.tif,6
test_2593.tif,6
test_2594.tif,6
test_2595.tif,6
test_2596.tif,6
test_2597.tif,6
test_2598.tif,6
test_2599.tif,6
test_26.tif,0
test_260.tif,0
test_2600.tif,6
test_2601.tif,6
test_2602.tif,6
test_2603.tif,6
test_2604.tif,6
test_2605.tif,6
test_2606.tif,6
test_2607.tif,6
test_2608.tif,6
test_2609.tif,6
test_261.tif,0
test_2610.tif,6
test_2611.tif,6
test_2612.tif,6
test_2613.tif,6
test_2614.tif,6
test_2615.tif,6
test_2616.tif,6
test_2617.tif,6
test_2618.tif,6
test_2619.tif,6
test_262.tif,0
test_2620.tif,6
test_2621.tif,6
test_2622.tif,6
test_2623.tif,6
test_2624.tif,6
test_2625.tif,6
test_2626.tif,6
test_2627.tif,6
test_2628.tif,6
test_2629.tif,6
test_263.tif,0
test_2630.tif,6
test_2631.tif,6
test_2632.tif,6
test_2633.tif,6
test_2634.tif,6
test_2635.tif,6
test_2636.tif,6
test_2637.tif,6
test_2638.tif,6
test_2639.tif,6
test_264.tif,0
test_2640.tif,6
test_2641.tif,6
test_2642.tif,6
test_2643.tif,6
test_2644.tif,6
test_2645.tif,6
test_2646.tif,6
test_2647.tif,6
test_2648.tif,6
test_2649.tif,6
test_265.tif,0
test_2650.tif,6
test_2651.tif,6
test_2652.tif,6
test_2653.tif,6
test_2654.tif,6
test_2655.tif,6
test_2656.tif,6
test_2657.tif,6
test_2658.tif,6
test_2659.tif,6
test_266.tif,0
test_2660.tif,6
test_2661.tif,6
test_2662.tif,6
test_2663.tif,6
test_2664.tif,6
test_2665.tif,6
test_2666.tif,6
test_2667.tif,6
test_2668.tif,6
test_2669.tif,6
test_267.tif,0
test_2670.tif,6
test_2671.tif,6
test_2672.tif,6
test_2673.tif,6
test_2674.tif,6
test_2675.tif,6
test_2676.tif,6
test_2677.tif,6
test_2678.tif,0
test_2679.tif,6
test_268.tif,0
test_2680.tif,6
test_2681.tif,6
test_2682.tif,6
test_2683.tif,6
test_2684.tif,6
test_2685.tif,6
test_2686.tif,6
test_2687.tif,6
test_2688.tif,6
test_2689.tif,6
test_269.tif,0
test_2690.tif,6
test_2691.tif,6
test_2692.tif,6
test_2693.tif,6
test_2694.tif,6
test_2695.tif,6
test_2696.tif,6
test_2697.tif,6
test_2698.tif,6
test_2699.tif,6
test_27.tif,0
test_270.tif,0
test_2700.tif,0
test_2701.tif,6
test_2702.tif,8
test_2703.tif,6
test_2704.tif,6
test_2705.tif,6
test_2706.tif,6
test_2707.tif,6
test_2708.tif,6
test_2709.tif,6
test_271.tif,0
test_2710.tif,6
test_2711.tif,6
test_2712.tif,6
test_2713.tif,6
test_2714.tif,6
test_2715.tif,6
test_2716.tif,6
test_2717.tif,6
test_2718.tif,6
test_2719.tif,6
test_272.tif,0
test_2720.tif,6
test_2721.tif,6
test_2722.tif,6
test_2723.tif,6
test_2724.tif,6
test_2725.tif,2
test_2726.tif,6
test_2727.tif,6
test_2728.tif,6
test_2729.tif,6
test_273.tif,0
test_2730.tif,6
test_2731.tif,6
test_2732.tif,6
test_2733.tif,6
test_2734.tif,6
test_2735.tif,6
test_2736.tif,6
test_2737.tif,6
test_2738.tif,6
test_2739.tif,6
test_274.tif,0
test_2740.tif,6
test_2741.tif,6
test_2742.tif,6
test_2743.tif,6
test_2744.tif,6
test_2745.tif,6
test_2746.tif,6
test_2747.tif,6
test_2748.tif,6
test_2749.tif,6
test_275.tif,0
test_2750.tif,6
test_2751.tif,6
test_2752.tif,6
test_2753.tif,6
test_2754.tif,6
test_2755.tif,6
test_2756.tif,6
test_2757.tif,6
test_2758.tif,6
test_2759.tif,6
test_276.tif,0
test_2760.tif,6
test_2761.tif,6
test_2762.tif,6
test_2763.tif,6
test_2764.tif,6
test_2765.tif,6
test_2766.tif,6
test_2767.tif,6
test_2768.tif,6
test_2769.tif,6
test_277.tif,0
test_2770.tif,6
test_2771.tif,6
test_2772.tif,6
test_2773.tif,6
test_2774.tif,6
test_2775.tif,6
test_2776.tif,7
test_2777.tif,7
test_2778.tif,7
test_2779.tif,7
test_278.tif,0
test_2780.tif,7
test_2781.tif,7
test_2782.tif,7
test_2783.tif,7
test_2784.tif,7
test_2785.tif,7
test_2786.tif,7
test_2787.tif,7
test_2788.tif,7
test_2789.tif,7
test_279.tif,0
test_2790.tif,7
test_2791.tif,7
test_2792.tif,7
test_2793.tif,7
test_2794.tif,7
test_2795.tif,7
test_2796.tif,7
test_2797.tif,7
test_2798.tif,7
test_2799.tif,7
test_28.tif,0
test_280.tif,0
test_2800.tif,7
test_2801.tif,7
test_2802.tif,7
test_2803.tif,7
test_2804.tif,7
test_2805.tif,7
test_2806.tif,7
test_2807.tif,7
test_2808.tif,7
test_2809.tif,7
test_281.tif,0
test_2810.tif,7
test_2811.tif,7
test_2812.tif,7
test_2813.tif,7
test_2814.tif,7
test_2815.tif,7
test_2816.tif,7
test_2817.tif,7
test_2818.tif,7
test_2819.tif,7
test_282.tif,0
test_2820.tif,7
test_2821.tif,7
test_2822.tif,7
test_2823.tif,7
test_2824.tif,7
test_2825.tif,7
test_2826.tif,7
test_2827.tif,7
test_2828.tif,7
test_2829.tif,7
test_283.tif,0
test_2830.tif,7
test_2831.tif,7
test_2832.tif,7
test_2833.tif,7
test_2834.tif,7
test_2835.tif,7
test_2836.tif,7
test_2837.tif,7
test_2838.tif,7
test_2839.tif,7
test_284.tif,0
test_2840.tif,7
test_2841.tif,7
test_2842.tif,7
test_2843.tif,7
test_2844.tif,7
test_2845.tif,7
test_2846.tif,7
test_2847.tif,7
test_2848.tif,7
test_2849.tif,7
test_285.tif,0
test_2850.tif,7
test_2851.tif,7
test_2852.tif,7
test_2853.tif,7
test_2854.tif,7
test_2855.tif,7
test_2856.tif,7
test_2857.tif,7
test_2858.tif,7
test_2859.tif,7
test_286.tif,0
test_2860.tif,7
test_2861.tif,7
test_2862.tif,7
test_2863.tif,7
test_2864.tif,7
test_2865.tif,7
test_2866.tif,7
test_2867.tif,7
test_2868.tif,7
test_2869.tif,7
test_287.tif,0
test_2870.tif,7
test_2871.tif,7
test_2872.tif,7
test_2873.tif,7
test_2874.tif,7
test_2875.tif,7
test_2876.tif,7
test_2877.tif,7
test_2878.tif,7
test_2879.tif,7
test_288.tif,0
test_2880.tif,7
test_2881.tif,7
test_2882.tif,7
test_2883.tif,7
test_2884.tif,7
test_2885.tif,7
test_2886.tif,7
test_2887.tif,7
test_2888.tif,7
test_2889.tif,7
test_289.tif,0
test_2890.tif,7
test_2891.tif,7
test_2892.tif,7
test_2893.tif,7
test_2894.tif,7
test_2895.tif,7
test_2896.tif,7
test_2897.tif,7
test_2898.tif,7
test_2899.tif,7
test_29.tif,0
test_290.tif,0
test_2900.tif,7
test_2901.tif,7
test_2902.tif,7
test_2903.tif,7
test_2904.tif,7
test_2905.tif,7
test_2906.tif,7
test_2907.tif,7
test_2908.tif,7
test_2909.tif,7
test_291.tif,0
test_2910.tif,7
test_2911.tif,7
test_2912.tif,7
test_2913.tif,7
test_2914.tif,7
test_2915.tif,7
test_2916.tif,7
test_2917.tif,7
test_2918.tif,7
test_2919.tif,7
test_292.tif,0
test_2920.tif,7
test_2921.tif,7
test_2922.tif,7
test_2923.tif,7
test_2924.tif,7
test_2925.tif,7
test_2926.tif,7
test_2927.tif,7
test_2928.tif,7
test_2929.tif,7
test_293.tif,0
test_2930.tif,7
test_2931.tif,7
test_2932.tif,7
test_2933.tif,7
test_2934.tif,7
test_2935.tif,7
test_2936.tif,7
test_2937.tif,7
test_2938.tif,7
test_2939.tif,7
test_294.tif,0
test_2940.tif,7
test_2941.tif,7
test_2942.tif,7
test_2943.tif,7
test_2944.tif,7
test_2945.tif,7
test_2946.tif,7
test_2947.tif,7
test_2948.tif,7
test_2949.tif,7
test_295.tif,0
test_2950.tif,7
test_2951.tif,7
test_2952.tif,7
test_2953.tif,7
test_2954.tif,7
test_2955.tif,7
test_2956.tif,7
test_2957.tif,7
test_2958.tif,7
test_2959.tif,7
test_296.tif,0
test_2960.tif,7
test_2961.tif,7
test_2962.tif,7
test_2963.tif,7
test_2964.tif,7
test_2965.tif,7
test_2966.tif,7
test_2967.tif,7
test_2968.tif,7
test_2969.tif,7
test_297.tif,0
test_2970.tif,7
test_2971.tif,7
test_2972.tif,7
test_2973.tif,7
test_2974.tif,7
test_2975.tif,7
test_2976.tif,7
test_2977.tif,7
test_2978.tif,7
test_2979.tif,7
test_298.tif,0
test_2980.tif,7
test_2981.tif,7
test_2982.tif,7
test_2983.tif,7
test_2984.tif,7
test_2985.tif,7
test_2986.tif,7
test_2987.tif,7
test_2988.tif,7
test_2989.tif,7
test_299.tif,0
test_2990.tif,7
test_2991.tif,7
test_2992.tif,7
test_2993.tif,7
test_2994.tif,7
test_2995.tif,7
test_2996.tif,7
test_2997.tif,7
test_2998.tif,7
test_2999.tif,7
test_3.tif,0
test_30.tif,0
test_300.tif,0
test_3000.tif,7
test_3001.tif,7
test_3002.tif,7
test_3003.tif,7
test_3004.tif,7
test_3005.tif,7
test_3006.tif,7
test_3007.tif,7
test_3008.tif,7
test_3009.tif,7
test_301.tif,0
test_3010.tif,7
test_3011.tif,7
test_3012.tif,7
test_3013.tif,7
test_3014.tif,7
test_3015.tif,7
test_3016.tif,7
test_3017.tif,7
test_3018.tif,7
test_3019.tif,7
test_302.tif,0
test_3020.tif,7
test_3021.tif,7
test_3022.tif,7
test_3023.tif,7
test_3024.tif,7
test_3025.tif,7
test_3026.tif,7
test_3027.tif,7
test_3028.tif,7
test_3029.tif,7
test_303.tif,0
test_3030.tif,7
test_3031.tif,7
test_3032.tif,7
test_3033.tif,7
test_3034.tif,7
test_3035.tif,7
test_3036.tif,7
test_3037.tif,7
test_3038.tif,7
test_3039.tif,7
test_304.tif,0
test_3040.tif,7
test_3041.tif,7
test_3042.tif,7
test_3043.tif,7
test_3044.tif,7
test_3045.tif,7
test_3046.tif,7
test_3047.tif,7
test_3048.tif,7
test_3049.tif,7
test_305.tif,0
test_3050.tif,7
test_3051.tif,7
test_3052.tif,7
test_3053.tif,7
test_3054.tif,7
test_3055.tif,7
test_3056.tif,7
test_3057.tif,7
test_3058.tif,7
test_3059.tif,7
test_306.tif,0
test_3060.tif,7
test_3061.tif,7
test_3062.tif,7
test_3063.tif,7
test_3064.tif,7
test_3065.tif,7
test_3066.tif,7
test_3067.tif,7
test_3068.tif,7
test_3069.tif,7
test_307.tif,0
test_3070.tif,7
test_3071.tif,7
test_3072.tif,7
test_3073.tif,7
test_3074.tif,7
test_3075.tif,7
test_3076.tif,7
test_3077.tif,7
test_3078.tif,7
test_3079.tif,7
test_308.tif,0
test_3080.tif,7
test_3081.tif,7
test_3082.tif,7
test_3083.tif,7
test_3084.tif,7
test_3085.tif,7
test_3086.tif,7
test_3087.tif,7
test_3088.tif,7
test_3089.tif,7
test_309.tif,0
test_3090.tif,7
test_3091.tif,7
test_3092.tif,7
test_3093.tif,7
test_3094.tif,7
test_3095.tif,7
test_3096.tif,7
test_3097.tif,7
test_3098.tif,7
test_3099.tif,7
test_31.tif,0
test_310.tif,0
test_3100.tif,7
test_3101.tif,7
test_3102.tif,7
test_3103.tif,7
test_3104.tif,7
test_3105.tif,7
test_3106.tif,7
test_3107.tif,7
test_3108.tif,7
test_3109.tif,7
test_311.tif,0
test_3110.tif,7
test_3111.tif,7
test_3112.tif,7
test_3113.tif,7
test_3114.tif,7
test_3115.tif,7
test_3116.tif,7
test_3117.tif,7
test_3118.tif,7
test_3119.tif,7
test_312.tif,0
test_3120.tif,7
test_3121.tif,7
test_3122.tif,7
test_3123.tif,7
test_3124.tif,7
test_3125.tif,7
test_3126.tif,7
test_3127.tif,7
test_3128.tif,7
test_3129.tif,7
test_313.tif,0
test_3130.tif,7
test_3131.tif,7
test_3132.tif,7
test_3133.tif,7
test_3134.tif,7
test_3135.tif,7
test_3136.tif,7
test_3137.tif,7
test_3138.tif,7
test_3139.tif,7
test_314.tif,0
test_3140.tif,7
test_3141.tif,7
test_3142.tif,7
test_3143.tif,7
test_3144.tif,7
test_3145.tif,7
test_3146.tif,7
test_3147.tif,7
test_3148.tif,7
test_3149.tif,7
test_315.tif,0
test_3150.tif,7
test_3151.tif,7
test_3152.tif,7
test_3153.tif,7
test_3154.tif,7
test_3155.tif,7
test_3156.tif,7
test_3157.tif,7
test_3158.tif,7
test_3159.tif,7
test_316.tif,0
test_3160.tif,7
test_3161.tif,7
test_3162.tif,7
test_3163.tif,7
test_3164.tif,7
test_3165.tif,7
test_3166.tif,7
test_3167.tif,7
test_3168.tif,7
test_3169.tif,7
test_317.tif,0
test_3170.tif,7
test_3171.tif,7
test_3172.tif,7
test_3173.tif,7
test_3174.tif,7
test_3175.tif,7
test_3176.tif,7
test_3177.tif,7
test_3178.tif,7
test_3179.tif,7
test_318.tif,0
test_3180.tif,7
test_3181.tif,7
test_3182.tif,7
test_3183.tif,7
test_3184.tif,7
test_3185.tif,7
test_3186.tif,7
test_3187.tif,7
test_3188.tif,7
test_3189.tif,7
test_319.tif,0
test_3190.tif,7
test_3191.tif,7
test_3192.tif,7
test_3193.tif,7
test_3194.tif,7
test_3195.tif,7
test_3196.tif,7
test_3197.tif,7
test_3198.tif,7
test_3199.tif,7
test_32.tif,0
test_320.tif,0
test_3200.tif,7
test_3201.tif,7
test_3202.tif,7
test_3203.tif,7
test_3204.tif,7
test_3205.tif,7
test_3206.tif,7
test_3207.tif,7
test_3208.tif,7
test_3209.tif,7
test_321.tif,0
test_3210.tif,7
test_3211.tif,7
test_3212.tif,7
test_3213.tif,7
test_3214.tif,7
test_3215.tif,7
test_3216.tif,7
test_3217.tif,7
test_3218.tif,7
test_3219.tif,7
test_322.tif,0
test_3220.tif,7
test_3221.tif,7
test_3222.tif,7
test_3223.tif,7
test_3224.tif,7
test_3225.tif,7
test_3226.tif,8
test_3227.tif,8
test_3228.tif,8
test_3229.tif,8
test_323.tif,0
test_3230.tif,8
test_3231.tif,8
test_3232.tif,8
test_3233.tif,8
test_3234.tif,8
test_3235.tif,8
test_3236.tif,8
test_3237.tif,8
test_3238.tif,8
test_3239.tif,8
test_324.tif,0
test_3240.tif,8
test_3241.tif,8
test_3242.tif,8
test_3243.tif,8
test_3244.tif,8
test_3245.tif,8
test_3246.tif,8
test_3247.tif,8
test_3248.tif,8
test_3249.tif,8
test_325.tif,0
test_3250.tif,8
test_3251.tif,8
test_3252.tif,8
test_3253.tif,8
test_3254.tif,8
test_3255.tif,8
test_3256.tif,8
test_3257.tif,8
test_3258.tif,8
test_3259.tif,8
test_326.tif,0
test_3260.tif,8
test_3261.tif,8
test_3262.tif,8
test_3263.tif,8
test_3264.tif,8
test_3265.tif,8
test_3266.tif,8
test_3267.tif,8
test_3268.tif,8
test_3269.tif,8
test_327.tif,3
test_3270.tif,8
test_3271.tif,8
test_3272.tif,8
test_3273.tif,8
test_3274.tif,8
test_3275.tif,8
test_3276.tif,8
test_3277.tif,3
test_3278.tif,8
test_3279.tif,8
test_328.tif,0
test_3280.tif,5
test_3281.tif,8
test_3282.tif,8
test_3283.tif,8
test_3284.tif,8
test_3285.tif,8
test_3286.tif,8
test_3287.tif,8
test_3288.tif,8
test_3289.tif,8
test_329.tif,0
test_3290.tif,8
test_3291.tif,8
test_3292.tif,8
test_3293.tif,8
test_3294.tif,8
test_3295.tif,8
test_3296.tif,8
test_3297.tif,8
test_3298.tif,8
test_3299.tif,8
test_33.tif,0
test_330.tif,0
test_3300.tif,8
test_3301.tif,8
test_3302.tif,3
test_3303.tif,8
test_3304.tif,8
test_3305.tif,8
test_3306.tif,8
test_3307.tif,8
test_3308.tif,8
test_3309.tif,8
test_331.tif,0
test_3310.tif,8
test_3311.tif,8
test_3312.tif,8
test_3313.tif,8
test_3314.tif,8
test_3315.tif,8
test_3316.tif,8
test_3317.tif,8
test_3318.tif,8
test_3319.tif,8
test_332.tif,0
test_3320.tif,8
test_3321.tif,8
test_3322.tif,8
test_3323.tif,8
test_3324.tif,8
test_3325.tif,8
test_3326.tif,8
test_3327.tif,8
test_3328.tif,8
test_3329.tif,8
test_333.tif,5
test_3330.tif,8
test_3331.tif,8
test_3332.tif,8
test_3333.tif,8
test_3334.tif,8
test_3335.tif,8
test_3336.tif,8
test_3337.tif,8
test_3338.tif,8
test_3339.tif,8
test_334.tif,0
test_3340.tif,8
test_3341.tif,8
test_3342.tif,8
test_3343.tif,8
test_3344.tif,8
test_3345.tif,8
test_3346.tif,8
test_3347.tif,8
test_3348.tif,8
test_3349.tif,8
test_335.tif,0
test_3350.tif,8
test_3351.tif,8
test_3352.tif,8
test_3353.tif,8
test_3354.tif,8
test_3355.tif,8
test_3356.tif,8
test_3357.tif,3
test_3358.tif,8
test_3359.tif,8
test_336.tif,0
test_3360.tif,8
test_3361.tif,8
test_3362.tif,8
test_3363.tif,8
test_3364.tif,8
test_3365.tif,8
test_3366.tif,8
test_3367.tif,8
test_3368.tif,8
test_3369.tif,8
test_337.tif,0
test_3370.tif,8
test_3371.tif,8
test_3372.tif,8
test_3373.tif,8
test_3374.tif,8
test_3375.tif,8
test_3376.tif,8
test_3377.tif,8
test_3378.tif,8
test_3379.tif,8
test_338.tif,0
test_3380.tif,8
test_3381.tif,8
test_3382.tif,8
test_3383.tif,8
test_3384.tif,8
test_3385.tif,8
test_3386.tif,8
test_3387.tif,8
test_3388.tif,8
test_3389.tif,8
test_339.tif,0
test_3390.tif,8
test_3391.tif,8
test_3392.tif,8
test_3393.tif,8
test_3394.tif,8
test_3395.tif,8
test_3396.tif,8
test_3397.tif,8
test_3398.tif,8
test_3399.tif,8
test_34.tif,0
test_340.tif,0
test_3400.tif,8
test_3401.tif,8
test_3402.tif,8
test_3403.tif,8
test_3404.tif,9
test_3405.tif,5
test_3406.tif,8
test_3407.tif,8
test_3408.tif,8
test_3409.tif,8
test_341.tif,0
test_3410.tif,8
test_3411.tif,8
test_3412.tif,8
test_3413.tif,8
test_3414.tif,8
test_3415.tif,8
test_3416.tif,8
test_3417.tif,8
test_3418.tif,8
test_3419.tif,8
test_342.tif,0
test_3420.tif,8
test_3421.tif,8
test_3422.tif,8
test_3423.tif,8
test_3424.tif,8
test_3425.tif,8
test_3426.tif,8
test_3427.tif,8
test_3428.tif,8
test_3429.tif,8
test_343.tif,0
test_3430.tif,8
test_3431.tif,8
test_3432.tif,8
test_3433.tif,8
test_3434.tif,8
test_3435.tif,8
test_3436.tif,8
test_3437.tif,8
test_3438.tif,8
test_3439.tif,8
test_344.tif,0
test_3440.tif,8
test_3441.tif,8
test_3442.tif,8
test_3443.tif,8
test_3444.tif,8
test_3445.tif,8
test_3446.tif,8
test_3447.tif,8
test_3448.tif,8
test_3449.tif,8
test_345.tif,0
test_3450.tif,8
test_3451.tif,8
test_3452.tif,8
test_3453.tif,8
test_3454.tif,8
test_3455.tif,8
test_3456.tif,8
test_3457.tif,8
test_3458.tif,8
test_3459.tif,9
test_346.tif,0
test_3460.tif,8
test_3461.tif,8
test_3462.tif,8
test_3463.tif,8
test_3464.tif,8
test_3465.tif,8
test_3466.tif,8
test_3467.tif,8
test_3468.tif,8
test_3469.tif,8
test_347.tif,0
test_3470.tif,8
test_3471.tif,8
test_3472.tif,8
test_3473.tif,8
test_3474.tif,8
test_3475.tif,8
test_3476.tif,8
test_3477.tif,8
test_3478.tif,8
test_3479.tif,8
test_348.tif,0
test_3480.tif,8
test_3481.tif,8
test_3482.tif,8
test_3483.tif,8
test_3484.tif,8
test_3485.tif,8
test_3486.tif,8
test_3487.tif,8
test_3488.tif,8
test_3489.tif,8
test_349.tif,0
test_3490.tif,8
test_3491.tif,8
test_3492.tif,8
test_3493.tif,8
test_3494.tif,8
test_3495.tif,8
test_3496.tif,8
test_3497.tif,8
test_3498.tif,8
test_3499.tif,8
test_35.tif,0
test_350.tif,0
test_3500.tif,8
test_3501.tif,8
test_3502.tif,8
test_3503.tif,8
test_3504.tif,3
test_3505.tif,8
test_3506.tif,8
test_3507.tif,8
test_3508.tif,8
test_3509.tif,8
test_351.tif,0
test_3510.tif,8
test_3511.tif,8
test_3512.tif,8
test_3513.tif,8
test_3514.tif,8
test_3515.tif,3
test_3516.tif,8
test_3517.tif,8
test_3518.tif,8
test_3519.tif,8
test_352.tif,0
test_3520.tif,8
test_3521.tif,8
test_3522.tif,8
test_3523.tif,8
test_3524.tif,8
test_3525.tif,8
test_3526.tif,8
test_3527.tif,8
test_3528.tif,8
test_3529.tif,8
test_353.tif,0
test_3530.tif,8
test_3531.tif,8
test_3532.tif,8
test_3533.tif,8
test_3534.tif,8
test_3535.tif,8
test_3536.tif,8
test_3537.tif,8
test_3538.tif,8
test_3539.tif,8
test_354.tif,0
test_3540.tif,8
test_3541.tif,8
test_3542.tif,8
test_3543.tif,8
test_3544.tif,8
test_3545.tif,8
test_3546.tif,8
test_3547.tif,8
test_3548.tif,8
test_3549.tif,8
test_355.tif,0
test_3550.tif,3
test_3551.tif,8
test_3552.tif,8
test_3553.tif,8
test_3554.tif,8
test_3555.tif,8
test_3556.tif,8
test_3557.tif,8
test_3558.tif,8
test_3559.tif,8
test_356.tif,0
test_3560.tif,8
test_3561.tif,8
test_3562.tif,8
test_3563.tif,8
test_3564.tif,8
test_3565.tif,8
test_3566.tif,8
test_3567.tif,8
test_3568.tif,8
test_3569.tif,8
test_357.tif,0
test_3570.tif,8
test_3571.tif,8
test_3572.tif,8
test_3573.tif,8
test_3574.tif,8
test_3575.tif,8
test_3576.tif,8
test_3577.tif,8
test_3578.tif,8
test_3579.tif,8
test_358.tif,0
test_3580.tif,8
test_3581.tif,3
test_3582.tif,8
test_3583.tif,8
test_3584.tif,8
test_3585.tif,8
test_3586.tif,8
test_3587.tif,8
test_3588.tif,8
test_3589.tif,8
test_359.tif,0
test_3590.tif,8
test_3591.tif,8
test_3592.tif,8
test_3593.tif,8
test_3594.tif,8
test_3595.tif,8
test_3596.tif,8
test_3597.tif,8
test_3598.tif,8
test_3599.tif,8
test_36.tif,0
test_360.tif,0
test_3600.tif,8
test_3601.tif,9
test_3602.tif,9
test_3603.tif,9
test_3604.tif,9
test_3605.tif,9
test_3606.tif,9
test_3607.tif,9
test_3608.tif,9
test_3609.tif,9
test_361.tif,0
test_3610.tif,9
test_3611.tif,9
test_3612.tif,9
test_3613.tif,9
test_3614.tif,9
test_3615.tif,9
test_3616.tif,9
test_3617.tif,9
test_3618.tif,9
test_3619.tif,9
test_362.tif,0
test_3620.tif,9
test_3621.tif,9
test_3622.tif,9
test_3623.tif,9
test_3624.tif,9
test_3625.tif,9
test_3626.tif,9
test_3627.tif,9
test_3628.tif,9
test_3629.tif,9
test_363.tif,0
test_3630.tif,9
test_3631.tif,9
test_3632.tif,9
test_3633.tif,9
test_3634.tif,9
test_3635.tif,9
test_3636.tif,9
test_3637.tif,9
test_3638.tif,9
test_3639.tif,9
test_364.tif,0
test_3640.tif,9
test_3641.tif,9
test_3642.tif,9
test_3643.tif,9
test_3644.tif,9
test_3645.tif,9
test_3646.tif,9
test_3647.tif,9
test_3648.tif,9
test_3649.tif,9
test_365.tif,0
test_3650.tif,9
test_3651.tif,9
test_3652.tif,9
test_3653.tif,9
test_3654.tif,9
test_3655.tif,9
test_3656.tif,9
test_3657.tif,9
test_3658.tif,9
test_3659.tif,9
test_366.tif,0
test_3660.tif,9
test_3661.tif,9
test_3662.tif,9
test_3663.tif,9
test_3664.tif,9
test_3665.tif,9
test_3666.tif,9
test_3667.tif,9
test_3668.tif,9
test_3669.tif,9
test_367.tif,0
test_3670.tif,9
test_3671.tif,9
test_3672.tif,9
test_3673.tif,9
test_3674.tif,9
test_3675.tif,9
test_3676.tif,9
test_3677.tif,8
test_3678.tif,9
test_3679.tif,9
test_368.tif,0
test_3680.tif,9
test_3681.tif,9
test_3682.tif,9
test_3683.tif,9
test_3684.tif,9
test_3685.tif,9
test_3686.tif,9
test_3687.tif,9
test_3688.tif,9
test_3689.tif,9
test_369.tif,0
test_3690.tif,9
test_3691.tif,9
test_3692.tif,9
test_3693.tif,9
test_3694.tif,9
test_3695.tif,9
test_3696.tif,9
test_3697.tif,9
test_3698.tif,9
test_3699.tif,9
test_37.tif,0
test_370.tif,0
test_3700.tif,9
test_3701.tif,9
test_3702.tif,9
test_3703.tif,9
test_3704.tif,9
test_3705.tif,9
test_3706.tif,9
test_3707.tif,9
test_3708.tif,9
test_3709.tif,9
test_371.tif,0
test_3710.tif,9
test_3711.tif,9
test_3712.tif,9
test_3713.tif,9
test_3714.tif,9
test_3715.tif,9
test_3716.tif,9
test_3717.tif,9
test_3718.tif,9
test_3719.tif,9
test_372.tif,0
test_3720.tif,9
test_3721.tif,9
test_3722.tif,9
test_3723.tif,9
test_3724.tif,9
test_3725.tif,9
test_3726.tif,9
test_3727.tif,9
test_3728.tif,9
test_3729.tif,9
test_373.tif,0
test_3730.tif,9
test_3731.tif,9
test_3732.tif,9
test_3733.tif,9
test_3734.tif,9
test_3735.tif,9
test_3736.tif,9
test_3737.tif,9
test_3738.tif,9
test_3739.tif,9
test_374.tif,0
test_3740.tif,9
test_3741.tif,9
test_3742.tif,9
test_3743.tif,9
test_3744.tif,9
test_3745.tif,9
test_3746.tif,9
test_3747.tif,9
test_3748.tif,9
test_3749.tif,9
test_375.tif,0
test_3750.tif,9
test_3751.tif,9
test_3752.tif,9
test_3753.tif,9
test_3754.tif,9
test_3755.tif,9
test_3756.tif,9
test_3757.tif,9
test_3758.tif,9
test_3759.tif,9
test_376.tif,0
test_3760.tif,9
test_3761.tif,9
test_3762.tif,9
test_3763.tif,9
test_3764.tif,9
test_3765.tif,9
test_3766.tif,9
test_3767.tif,9
test_3768.tif,9
test_3769.tif,9
test_377.tif,0
test_3770.tif,9
test_3771.tif,9
test_3772.tif,9
test_3773.tif,9
test_3774.tif,9
test_3775.tif,9
test_3776.tif,9
test_3777.tif,9
test_3778.tif,9
test_3779.tif,9
test_378.tif,0
test_3780.tif,9
test_3781.tif,9
test_3782.tif,9
test_3783.tif,9
test_3784.tif,9
test_3785.tif,9
test_3786.tif,9
test_3787.tif,9
test_3788.tif,9
test_3789.tif,9
test_379.tif,0
test_3790.tif,9
test_3791.tif,9
test_3792.tif,9
test_3793.tif,9
test_3794.tif,9
test_3795.tif,9
test_3796.tif,9
test_3797.tif,9
test_3798.tif,9
test_3799.tif,9
test_38.tif,0
test_380.tif,0
test_3800.tif,9
test_3801.tif,9
test_3802.tif,9
test_3803.tif,9
test_3804.tif,9
test_3805.tif,9
test_3806.tif,9
test_3807.tif,9
test_3808.tif,9
test_3809.tif,9
test_381.tif,0
test_3810.tif,9
test_3811.tif,9
test_3812.tif,9
test_3813.tif,9
test_3814.tif,9
test_3815.tif,9
test_3816.tif,9
test_3817.tif,9
test_3818.tif,9
test_3819.tif,9
test_382.tif,0
test_3820.tif,9
test_3821.tif,9
test_3822.tif,9
test_3823.tif,9
test_3824.tif,9
test_3825.tif,9
test_3826.tif,9
test_3827.tif,9
test_3828.tif,9
test_3829.tif,8
test_383.tif,0
test_3830.tif,9
test_3831.tif,9
test_3832.tif,9
test_3833.tif,9
test_3834.tif,9
test_3835.tif,9
test_3836.tif,9
test_3837.tif,9
test_3838.tif,9
test_3839.tif,9
test_384.tif,0
test_3840.tif,9
test_3841.tif,9
test_3842.tif,9
test_3843.tif,9
test_3844.tif,9
test_3845.tif,9
test_3846.tif,9
test_3847.tif,9
test_3848.tif,9
test_3849.tif,9
test_385.tif,0
test_3850.tif,9
test_3851.tif,9
test_3852.tif,9
test_3853.tif,9
test_3854.tif,9
test_3855.tif,9
test_3856.tif,9
test_3857.tif,9
test_3858.tif,9
test_3859.tif,9
test_386.tif,0
test_3860.tif,9
test_3861.tif,9
test_3862.tif,9
test_3863.tif,9
test_3864.tif,9
test_3865.tif,9
test_3866.tif,9
test_3867.tif,9
test_3868.tif,9
test_3869.tif,9
test_387.tif,0
test_3870.tif,9
test_3871.tif,9
test_3872.tif,9
test_3873.tif,9
test_3874.tif,9
test_3875.tif,9
test_3876.tif,9
test_3877.tif,9
test_3878.tif,9
test_3879.tif,9
test_388.tif,0
test_3880.tif,9
test_3881.tif,9
test_3882.tif,9
test_3883.tif,9
test_3884.tif,9
test_3885.tif,9
test_3886.tif,9
test_3887.tif,9
test_3888.tif,9
test_3889.tif,9
test_389.tif,0
test_3890.tif,9
test_3891.tif,9
test_3892.tif,9
test_3893.tif,9
test_3894.tif,9
test_3895.tif,9
test_3896.tif,9
test_3897.tif,9
test_3898.tif,9
test_3899.tif,9
test_39.tif,0
test_390.tif,0
test_3900.tif,9
test_3901.tif,9
test_3902.tif,9
test_3903.tif,9
test_3904.tif,9
test_3905.tif,9
test_3906.tif,9
test_3907.tif,9
test_3908.tif,9
test_3909.tif,9
test_391.tif,0
test_3910.tif,9
test_3911.tif,9
test_3912.tif,9
test_3913.tif,9
test_3914.tif,9
test_3915.tif,9
test_3916.tif,9
test_3917.tif,9
test_3918.tif,9
test_3919.tif,9
test_392.tif,0
test_3920.tif,9
test_3921.tif,9
test_3922.tif,9
test_3923.tif,9
test_3924.tif,9
test_3925.tif,9
test_3926.tif,9
test_3927.tif,9
test_3928.tif,9
test_3929.tif,9
test_393.tif,0
test_3930.tif,9
test_3931.tif,9
test_3932.tif,9
test_3933.tif,9
test_3934.tif,9
test_3935.tif,9
test_3936.tif,9
test_3937.tif,9
test_3938.tif,9
test_3939.tif,9
test_394.tif,0
test_3940.tif,9
test_3941.tif,9
test_3942.tif,9
test_3943.tif,9
test_3944.tif,9
test_3945.tif,9
test_3946.tif,9
test_3947.tif,9
test_3948.tif,9
test_3949.tif,9
test_395.tif,0
test_3950.tif,9
test_3951.tif,9
test_3952.tif,9
test_3953.tif,9
test_3954.tif,9
test_3955.tif,9
test_3956.tif,9
test_3957.tif,9
test_3958.tif,9
test_3959.tif,9
test_396.tif,0
test_3960.tif,9
test_3961.tif,9
test_3962.tif,9
test_3963.tif,9
test_3964.tif,9
test_3965.tif,9
test_3966.tif,9
test_3967.tif,9
test_3968.tif,9
test_3969.tif,9
test_397.tif,0
test_3970.tif,9
test_3971.tif,9
test_3972.tif,9
test_3973.tif,9
test_3974.tif,9
test_3975.tif,9
test_3976.tif,9
test_3977.tif,9
test_3978.tif,9
test_3979.tif,9
test_398.tif,0
test_3980.tif,9
test_3981.tif,9
test_3982.tif,9
test_3983.tif,9
test_3984.tif,9
test_3985.tif,9
test_3986.tif,9
test_3987.tif,9
test_3988.tif,9
test_3989.tif,9
test_399.tif,0
test_3990.tif,9
test_3991.tif,9
test_3992.tif,9
test_3993.tif,9
test_3994.tif,9
test_3995.tif,9
test_3996.tif,9
test_3997.tif,9
test_3998.tif,9
test_3999.tif,9
test_4.tif,0
test_40.tif,0
test_400.tif,0
test_4000.tif,9
test_4001.tif,9
test_4002.tif,9
test_4003.tif,9
test_4004.tif,9
test_4005.tif,9
test_4006.tif,9
test_4007.tif,9
test_4008.tif,9
test_4009.tif,9
test_401.tif,0
test_4010.tif,9
test_4011.tif,9
test_4012.tif,9
test_4013.tif,9
test_4014.tif,9
test_4015.tif,9
test_4016.tif,9
test_4017.tif,9
test_4018.tif,9
test_4019.tif,9
test_402.tif,0
test_4020.tif,9
test_4021.tif,9
test_4022.tif,9
test_4023.tif,9
test_4024.tif,9
test_4025.tif,9
test_4026.tif,9
test_4027.tif,9
test_4028.tif,9
test_4029.tif,9
test_403.tif,0
test_4030.tif,9
test_4031.tif,9
test_4032.tif,9
test_4033.tif,9
test_4034.tif,9
test_4035.tif,9
test_4036.tif,9
test_4037.tif,9
test_4038.tif,9
test_4039.tif,9
test_404.tif,0
test_4040.tif,9
test_4041.tif,9
test_4042.tif,9
test_4043.tif,9
test_4044.tif,9
test_4045.tif,9
test_4046.tif,9
test_4047.tif,9
test_4048.tif,9
test_4049.tif,9
test_405.tif,0
test_4050.tif,9
test_406.tif,0
test_407.tif,0
test_408.tif,0
test_409.tif,0
test_41.tif,0
test_410.tif,0
test_411.tif,0
test_412.tif,0
test_413.tif,0
test_414.tif,0
test_415.tif,0
test_416.tif,0
test_417.tif,0
test_418.tif,0
test_419.tif,0
test_42.tif,0
test_420.tif,0
test_421.tif,0
test_422.tif,0
test_423.tif,0
test_424.tif,0
test_425.tif,0
test_426.tif,0
test_427.tif,0
test_428.tif,0
test_429.tif,0
test_43.tif,0
test_430.tif,0
test_431.tif,0
test_432.tif,0
test_433.tif,0
test_434.tif,0
test_435.tif,0
test_436.tif,0
test_437.tif,0
test_438.tif,0
test_439.tif,0
test_44.tif,0
test_440.tif,0
test_441.tif,6
test_442.tif,0
test_443.tif,0
test_444.tif,0
test_445.tif,0
test_446.tif,0
test_447.tif,0
test_448.tif,0
test_449.tif,0
test_45.tif,0
test_450.tif,0
test_451.tif,1
test_452.tif,1
test_453.tif,1
test_454.tif,1
test_455.tif,1
test_456.tif,1
test_457.tif,1
test_458.tif,1
test_459.tif,1
test_46.tif,0
test_460.tif,1
test_461.tif,1
test_462.tif,1
test_463.tif,1
test_464.tif,1
test_465.tif,1
test_466.tif,1
test_467.tif,1
test_468.tif,1
test_469.tif,1
test_47.tif,0
test_470.tif,1
test_471.tif,1
test_472.tif,1
test_473.tif,1
test_474.tif,1
test_475.tif,1
test_476.tif,1
test_477.tif,1
test_478.tif,1
test_479.tif,1
test_48.tif,0
test_480.tif,1
test_481.tif,1
test_482.tif,1
test_483.tif,1
test_484.tif,1
test_485.tif,1
test_486.tif,1
test_487.tif,1
test_488.tif,1
test_489.tif,1
test_49.tif,0
test_490.tif,1
test_491.tif,1
test_492.tif,1
test_493.tif,1
test_494.tif,1
test_495.tif,1
test_496.tif,1
test_497.tif,1
test_498.tif,1
test_499.tif,1
test_5.tif,0
test_50.tif,0
test_500.tif,1
test_501.tif,1
test_502.tif,1
test_503.tif,1
test_504.tif,1
test_505.tif,1
test_506.tif,1
test_507.tif,1
test_508.tif,1
test_509.tif,1
test_51.tif,0
test_510.tif,1
test_511.tif,1
test_512.tif,1
test_513.tif,1
test_514.tif,1
test_515.tif,1
test_516.tif,1
test_517.tif,1
test_518.tif,1
test_519.tif,1
test_52.tif,0
test_520.tif,1
test_521.tif,1
test_522.tif,1
test_523.tif,1
test_524.tif,1
test_525.tif,1
test_526.tif,1
test_527.tif,1
test_528.tif,1
test_529.tif,1
test_53.tif,0
test_530.tif,1
test_531.tif,1
test_532.tif,1
test_533.tif,1
test_534.tif,1
test_535.tif,1
test_536.tif,1
test_537.tif,1
test_538.tif,1
test_539.tif,1
test_54.tif,0
test_540.tif,1
test_541.tif,1
test_542.tif,1
test_543.tif,1
test_544.tif,1
test_545.tif,1
test_546.tif,1
test_547.tif,1
test_548.tif,1
test_549.tif,1
test_55.tif,0
test_550.tif,1
test_551.tif,1
test_552.tif,1
test_553.tif,1
test_554.tif,1
test_555.tif,1
test_556.tif,1
test_557.tif,1
test_558.tif,1
test_559.tif,1
test_56.tif,0
test_560.tif,1
test_561.tif,1
test_562.tif,1
test_563.tif,1
test_564.tif,1
test_565.tif,1
test_566.tif,1
test_567.tif,1
test_568.tif,1
test_569.tif,1
test_57.tif,0
test_570.tif,1
test_571.tif,1
test_572.tif,1
test_573.tif,1
test_574.tif,1
test_575.tif,1
test_576.tif,1
test_577.tif,1
test_578.tif,1
test_579.tif,1
test_58.tif,0
test_580.tif,1
test_581.tif,1
test_582.tif,1
test_583.tif,1
test_584.tif,1
test_585.tif,1
test_586.tif,1
test_587.tif,1
test_588.tif,1
test_589.tif,1
test_59.tif,0
test_590.tif,1
test_591.tif,1
test_592.tif,1
test_593.tif,1
test_594.tif,1
test_595.tif,1
test_596.tif,1
test_597.tif,1
test_598.tif,1
test_599.tif,1
test_6.tif,0
test_60.tif,0
test_600.tif,1
test_601.tif,1
test_602.tif,1
test_603.tif,1
test_604.tif,1
test_605.tif,1
test_606.tif,1
test_607.tif,1
test_608.tif,1
test_609.tif,1
test_61.tif,0
test_610.tif,1
test_611.tif,1
test_612.tif,1
test_613.tif,1
test_614.tif,1
test_615.tif,1
test_616.tif,1
test_617.tif,1
test_618.tif,1
test_619.tif,1
test_62.tif,0
test_620.tif,1
test_621.tif,1
test_622.tif,1
test_623.tif,1
test_624.tif,1
test_625.tif,1
test_626.tif,1
test_627.tif,1
test_628.tif,1
test_629.tif,1
test_63.tif,0
test_630.tif,1
test_631.tif,1
test_632.tif,1
test_633.tif,1
test_634.tif,1
test_635.tif,1
test_636.tif,1
test_637.tif,1
test_638.tif,1
test_639.tif,1
test_64.tif,0
test_640.tif,1
test_641.tif,1
test_642.tif,1
test_643.tif,1
test_644.tif,1
test_645.tif,1
test_646.tif,1
test_647.tif,1
test_648.tif,1
test_649.tif,1
test_65.tif,0
test_650.tif,1
test_651.tif,1
test_652.tif,1
test_653.tif,1
test_654.tif,1
test_655.tif,1
test_656.tif,1
test_657.tif,1
test_658.tif,1
test_659.tif,1
test_66.tif,0
test_660.tif,1
test_661.tif,1
test_662.tif,1
test_663.tif,1
test_664.tif,1
test_665.tif,1
test_666.tif,1
test_667.tif,1
test_668.tif,1
test_669.tif,1
test_67.tif,0
test_670.tif,1
test_671.tif,1
test_672.tif,1
test_673.tif,1
test_674.tif,1
test_675.tif,1
test_676.tif,1
test_677.tif,1
test_678.tif,1
test_679.tif,1
test_68.tif,0
test_680.tif,1
test_681.tif,1
test_682.tif,1
test_683.tif,1
test_684.tif,1
test_685.tif,1
test_686.tif,1
test_687.tif,1
test_688.tif,1
test_689.tif,1
test_69.tif,0
test_690.tif,1
test_691.tif,1
test_692.tif,1
test_693.tif,1
test_694.tif,1
test_695.tif,1
test_696.tif,1
test_697.tif,1
test_698.tif,1
test_699.tif,1
test_7.tif,0
test_70.tif,0
test_700.tif,1
test_701.tif,1
test_702.tif,1
test_703.tif,1
test_704.tif,1
test_705.tif,1
test_706.tif,1
test_707.tif,1
test_708.tif,1
test_709.tif,1
test_71.tif,0
test_710.tif,1
test_711.tif,1
test_712.tif,1
test_713.tif,1
test_714.tif,1
test_715.tif,1
test_716.tif,1
test_717.tif,1
test_718.tif,1
test_719.tif,1
test_72.tif,0
test_720.tif,1
test_721.tif,1
test_722.tif,1
test_723.tif,1
test_724.tif,1
test_725.tif,1
test_726.tif,1
test_727.tif,1
test_728.tif,1
test_729.tif,1
test_73.tif,0
test_730.tif,1
test_731.tif,1
test_732.tif,1
test_733.tif,1
test_734.tif,1
test_735.tif,1
test_736.tif,1
test_737.tif,1
test_738.tif,1
test_739.tif,1
test_74.tif,0
test_740.tif,1
test_741.tif,1
test_742.tif,1
test_743.tif,1
test_744.tif,1
test_745.tif,1
test_746.tif,1
test_747.tif,1
test_748.tif,1
test_749.tif,1
test_75.tif,0
test_750.tif,1
test_751.tif,1
test_752.tif,1
test_753.tif,1
test_754.tif,1
test_755.tif,1
test_756.tif,1
test_757.tif,1
test_758.tif,3
test_759.tif,1
test_76.tif,0
test_760.tif,1
test_761.tif,1
test_762.tif,1
test_763.tif,1
test_764.tif,1
test_765.tif,1
test_766.tif,1
test_767.tif,1
test_768.tif,1
test_769.tif,1
test_77.tif,0
test_770.tif,1
test_771.tif,1
test_772.tif,1
test_773.tif,1
test_774.tif,1
test_775.tif,1
test_776.tif,1
test_777.tif,1
test_778.tif,1
test_779.tif,1
test_78.tif,0
test_780.tif,1
test_781.tif,1
test_782.tif,1
test_783.tif,1
test_784.tif,1
test_785.tif,1
test_786.tif,1
test_787.tif,1
test_788.tif,1
test_789.tif,1
test_79.tif,0
test_790.tif,1
test_791.tif,1
test_792.tif,1
test_793.tif,1
test_794.tif,1
test_795.tif,1
test_796.tif,1
test_797.tif,1
test_798.tif,1
test_799.tif,1
test_8.tif,0
test_80.tif,0
test_800.tif,1
test_801.tif,1
test_802.tif,1
test_803.tif,1
test_804.tif,1
test_805.tif,1
test_806.tif,1
test_807.tif,1
test_808.tif,1
test_809.tif,1
test_81.tif,0
test_810.tif,1
test_811.tif,1
test_812.tif,1
test_813.tif,1
test_814.tif,1
test_815.tif,1
test_816.tif,1
test_817.tif,1
test_818.tif,1
test_819.tif,1
test_82.tif,0
test_820.tif,1
test_821.tif,1
test_822.tif,1
test_823.tif,1
test_824.tif,1
test_825.tif,1
test_826.tif,1
test_827.tif,1
test_828.tif,1
test_829.tif,1
test_83.tif,0
test_830.tif,1
test_831.tif,1
test_832.tif,1
test_833.tif,1
test_834.tif,1
test_835.tif,1
test_836.tif,1
test_837.tif,1
test_838.tif,1
test_839.tif,1
test_84.tif,0
test_840.tif,1
test_841.tif,1
test_842.tif,1
test_843.tif,1
test_844.tif,1
test_845.tif,1
test_846.tif,1
test_847.tif,1
test_848.tif,1
test_849.tif,1
test_85.tif,0
test_850.tif,1
test_851.tif,1
test_852.tif,1
test_853.tif,1
test_854.tif,1
test_855.tif,1
test_856.tif,1
test_857.tif,1
test_858.tif,1
test_859.tif,1
test_86.tif,0
test_860.tif,1
test_861.tif,1
test_862.tif,1
test_863.tif,1
test_864.tif,1
test_865.tif,1
test_866.tif,1
test_867.tif,1
test_868.tif,1
test_869.tif,1
test_87.tif,0
test_870.tif,1
test_871.tif,1
test_872.tif,1
test_873.tif,1
test_874.tif,1
test_875.tif,1
test_876.tif,1
test_877.tif,1
test_878.tif,1
test_879.tif,1
test_88.tif,0
test_880.tif,1
test_881.tif,1
test_882.tif,1
test_883.tif,1
test_884.tif,1
test_885.tif,1
test_886.tif,1
test_887.tif,1
test_888.tif,1
test_889.tif,1
test_89.tif,0
test_890.tif,1
test_891.tif,1
test_892.tif,1
test_893.tif,1
test_894.tif,1
test_895.tif,1
test_896.tif,1
test_897.tif,1
test_898.tif,1
test_899.tif,1
test_9.tif,0
test_90.tif,0
test_900.tif,1
test_901.tif,2
test_902.tif,2
test_903.tif,2
test_904.tif,2
test_905.tif,2
test_906.tif,2
test_907.tif,2
test_908.tif,2
test_909.tif,2
test_91.tif,0
test_910.tif,2
test_911.tif,2
test_912.tif,2
test_913.tif,2
test_914.tif,2
test_915.tif,2
test_916.tif,2
test_917.tif,2
test_918.tif,2
test_919.tif,2
test_92.tif,0
test_920.tif,2
test_921.tif,2
test_922.tif,2
test_923.tif,2
test_924.tif,2
test_925.tif,2
test_926.tif,2
test_927.tif,2
test_928.tif,2
test_929.tif,2
test_93.tif,0
test_930.tif,2
test_931.tif,2
test_932.tif,2
test_933.tif,2
test_934.tif,2
test_935.tif,2
test_936.tif,2
test_937.tif,2
test_938.tif,2
test_939.tif,2
test_94.tif,0
test_940.tif,2
test_941.tif,2
test_942.tif,2
test_943.tif,2
test_944.tif,2
test_945.tif,2
test_946.tif,2
test_947.tif,2
test_948.tif,2
test_949.tif,2
test_95.tif,0
test_950.tif,2
test_951.tif,2
test_952.tif,2
test_953.tif,2
test_954.tif,2
test_955.tif,2
test_956.tif,2
test_957.tif,2
test_958.tif,2
test_959.tif,2
test_96.tif,0
test_960.tif,2
test_961.tif,2
test_962.tif,2
test_963.tif,2
test_964.tif,2
test_965.tif,2
test_966.tif,2
test_967.tif,2
test_968.tif,2
test_969.tif,2
test_97.tif,0
test_970.tif,2
test_971.tif,2
test_972.tif,2
test_973.tif,2
test_974.tif,2
test_975.tif,2
test_976.tif,2
test_977.tif,2
test_978.tif,2
test_979.tif,2
test_98.tif,0
test_980.tif,2
test_981.tif,2
test_982.tif,2
test_983.tif,2
test_984.tif,1
test_985.tif,2
test_986.tif,2
test_987.tif,2
test_988.tif,2
test_989.tif,2
test_99.tif,0
test_990.tif,2
test_991.tif,2
test_992.tif,2
test_993.tif,2
test_994.tif,2
test_995.tif,2
test_996.tif,2
test_997.tif,2
test_998.tif,2
test_999.tif,2
